Id,Year
157339,1979
139735,1979
80094,1979
198508,1979
80132,1979
121598,1979
80139,1979
80180,1979
134633,1979
80184,1979
80149,1979
80966,1979
80116,1979
230898,1979
3084568,1979
219263,1979
210964,1979
80117,1979
80097,1979
80772,1979
83587,1979
84541,1979
80157,1979
80297,1979
81552,1979
176048,1979
80140,1979
94097,1979
191423,1979
81558,1979
80156,1979
80130,1979
316318,1979
275085,1979
124307,1979
81515,1979
154263,1979
80903,1979
286049,1979
122029,1979
218976,1980
84488,1980
173226,1980
196866,1980
82100,1980
206681,1980
124899,1980
81759,1980
81796,1980
81755,1980
124302,1980
81616,1980
131515,1980
81693,1980
168922,1980
244585,1980
81712,1980
81672,1980
81747,1980
1610444,1980
81662,1980
81738,1980
81748,1980
81648,1980
130508,1980
201470,1980
156014,1980
363891,1980
81695,1980
193017,1980
81696,1980
1315584,1980
126237,1980
153489,1980
81751,1980
82902,1980
81698,1980
151987,1980
171474,1980
82000,1980
82479,1980
81777,1980
253618,1980
142081,1980
82451,1980
82083,1980
83261,1980
82226,1980
185511,1980
82924,1980
82880,1980
81764,1980
81617,1980
83976,1980
81635,1980
81793,1980
121403,1980
84674,1980
82559,1980
85175,1980
81665,1980
81746,1980
83168,1980
81760,1980
81656,1980
81765,1980
82806,1980
83291,1981
309827,1981
200642,1981
235686,1981
207374,1981
208993,1981
3054038,1981
124464,1981
93468,1981
83710,1981
129805,1981
193647,1981
211653,1981
97942,1981
128273,1981
138902,1981
88784,1981
136478,1981
84090,1981
211191,1981
89991,1981
175663,1981
194234,1981
132082,1981
83352,1981
160110,1981
83312,1981
1074985,1981
130671,1981
133108,1981
166514,1981
259958,1981
84310,1981
125434,1981
159510,1981
469785,1981
83366,1981
83336,1981
88208,1981
85872,1981
83343,1981
157894,1981
182996,1981
86410,1981
189812,1981
83335,1981
164094,1981
199148,1981
143133,1981
83365,1981
406280,1981
83316,1981
86149,1981
84028,1981
83907,1981
83931,1981
86113,1981
83347,1981
85211,1981
85518,1981
84522,1981
84854,1981
83326,1981
85327,1981
131636,1981
184726,1981
191445,1981
219251,1981
262333,1982
84898,1982
292081,1982
161389,1982
216434,1982
86631,1982
92855,1982
85807,1982
195691,1982
122070,1982
187375,1982
249567,1982
166593,1982
229480,1982
227066,1982
86340,1982
155841,1982
159511,1982
188277,1982
289045,1982
86490,1982
128076,1982
167479,1982
84953,1982
186906,1982
84920,1982
86486,1982
84921,1982
84914,1982
213689,1982
447372,1982
125308,1982
163777,1982
85809,1982
2265779,1982
85452,1982
87336,1982
163494,1982
84899,1982
84938,1982
84945,1982
85852,1982
86438,1982
84917,1982
85124,1982
86840,1982
84934,1982
85640,1982
84931,1982
84897,1982
85183,1982
248827,1982
129807,1982
85636,1982
86013,1982
86554,1982
383046,1982
182060,1982
138317,1982
227684,1982
86610,1982
208903,1982
86443,1982
86972,1982
85622,1982
86617,1982
85794,1982
89691,1982
84923,1982
170811,1983
189021,1983
86605,1983
88380,1983
165623,1983
177262,1983
186820,1983
253822,1983
216126,1983
219233,1983
215685,1983
176227,1983
87436,1983
162243,1983
123102,1983
1352408,1983
188404,1983
86541,1983
86593,1983
252414,1983
171765,1983
88445,1983
86543,1983
261786,1983
87561,1983
86525,1983
86542,1983
87998,1983
86642,1983
87545,1983
87622,1983
86655,1983
298350,1983
86567,1983
124169,1983
88202,1983
86607,1983
86618,1983
86553,1983
86531,1983
86637,1983
262052,1983
86551,1983
251590,1983
86636,1983
89104,1983
87746,1983
87127,1983
141830,1983
87430,1983
90251,1983
201060,1983
87188,1983
3581384,1983
86850,1983
326963,1983
86561,1983
86650,1983
331999,1983
86619,1983
171647,1983
181012,1983
88263,1983
86590,1983
86638,1983
86640,1983
130268,1983
88925,1984
128051,1984
88992,1984
176097,1984
216755,1984
882997,1984
982856,1984
142851,1984
808386,1984
90322,1984
438321,1984
88338,1984
88385,1984
88326,1984
88334,1984
88772,1984
200049,1984
198307,1984
88323,1984
88395,1984
110625,1984
248828,1984
90190,1984
90246,1984
88423,1984
89274,1984
253616,1984
487132,1984
218940,1984
90368,1984
199120,1984
166097,1984
1318414,1984
93754,1984
88359,1984
88399,1984
1003059,1984
90009,1984
125510,1984
123381,1984
88818,1984
89018,1984
88414,1984
497532,1984
89060,1984
88336,1984
88412,1984
88379,1984
231627,1984
88782,1984
88330,1984
90163,1984
88402,1984
123976,1984
89607,1984
89304,1984
253514,1984
88461,1984
88466,1984
375691,1984
90192,1984
89200,1984
89838,1984
89746,1984
88650,1984
88454,1984
88344,1984
134402,1984
89038,1984
90068,1984
297215,1985
93229,1985
126618,1985
123802,1985
201368,1985
190157,1985
400905,1985
354234,1985
92530,1985
90297,1985
124014,1985
92184,1985
424114,1985
90564,1985
90329,1985
90270,1985
269342,1985
121261,1985
90383,1985
137226,1985
266260,1985
90264,1985
261742,1985
91183,1985
90370,1985
91125,1985
90310,1985
173771,1985
91251,1985
90249,1985
90305,1985
90257,1985
91909,1985
90342,1985
90350,1985
90274,1985
93235,1985
161634,1985
91578,1985
91427,1985
167125,1985
90362,1985
90377,1985
92298,1985
90770,1985
90333,1985
90366,1985
91724,1985
161635,1985
90323,1985
90371,1985
92011,1985
279830,1985
93103,1985
153997,1985
204116,1985
93533,1985
91943,1985
91513,1985
90319,1985
175471,1985
92048,1985
91069,1985
90948,1985
90357,1985
137253,1985
91867,1985
128221,1985
90248,1985
208502,1985
438974,1986
3066856,1986
92288,1986
92561,1986
400673,1986
148110,1986
322526,1986
163375,1986
787031,1986
138050,1986
337479,1986
1350929,1986
94048,1986
176198,1986
93164,1986
133351,1986
104401,1986
92272,1986
92214,1986
96507,1986
92732,1986
142371,1986
253790,1986
92196,1986
2327471,1986
796829,1986
92850,1986
93872,1986
92226,1986
92199,1986
202145,1986
274069,1986
199554,1986
94238,1986
92238,1986
126711,1986
1355207,1986
171357,1986
97050,1986
94037,1986
92263,1986
196055,1986
215948,1986
92210,1986
174834,1986
92264,1986
92713,1986
99763,1986
158863,1986
92306,1986
179955,1986
92688,1986
92149,1986
93312,1986
93516,1986
93763,1986
127045,1986
92216,1986
93315,1986
92206,1986
92240,1986
92654,1986
94374,1986
99263,1986
260411,1986
151866,1986
92534,1986
92904,1986
395453,1986
142251,1986
92709,1986
92225,1986
321750,1987
359715,1987
192175,1987
128224,1987
199817,1987
150179,1987
183001,1987
313254,1987
173443,1987
265138,1987
187283,1987
242590,1987
301164,1987
95968,1987
94284,1987
131028,1987
271527,1987
94349,1987
94347,1987
94336,1987
215511,1987
94293,1987
126848,1987
228456,1987
188212,1987
94288,1987
96440,1987
94375,1987
307403,1987
98692,1987
270151,1987
94405,1987
95241,1987
249356,1987
125111,1987
94332,1987
121864,1987
98259,1987
94318,1987
95799,1987
142249,1987
323869,1987
94331,1987
123150,1987
94321,1987
124288,1987
95916,1987
95125,1987
95958,1987
122591,1987
95657,1987
172202,1987
100014,1987
98156,1987
96465,1987
94383,1987
94315,1987
94304,1987
94369,1987
96492,1987
95975,1987
94683,1987
189070,1987
155350,1987
429807,1987
95801,1987
95977,1987
252562,1987
94317,1987
226232,1987
94888,1987
96409,1987
285595,1987
94291,1987
95530,1987
99447,1987
95525,1987
94371,1987
251282,1987
94357,1987
302596,1987
272045,1987
172238,1987
164519,1987
289596,1987
95924,1987
267277,1988
384093,1988
1090256,1988
97074,1988
99377,1988
122227,1988
96503,1988
97174,1988
98061,1988
96482,1988
297899,1988
121694,1988
254814,1988
97125,1988
997248,1988
99384,1988
189072,1988
189071,1988
179493,1988
341011,1988
200030,1988
98157,1988
128798,1988
170783,1988
97991,1988
184925,1988
98598,1988
322918,1988
97390,1988
97081,1988
96446,1988
161849,1988
260494,1988
234748,1988
96466,1988
106636,1988
97373,1988
98533,1988
246644,1988
96461,1988
96464,1988
96438,1988
126301,1988
97230,1988
142248,1988
326143,1988
124869,1988
176016,1988
97487,1988
96487,1988
97676,1988
97017,1988
96517,1988
195855,1988
97257,1988
98415,1988
98356,1988
99172,1988
146652,1988
97364,1988
97561,1988
98577,1988
99248,1988
100261,1988
97435,1988
259308,1988
97493,1988
385073,1988
96523,1988
107715,1988
96454,1988
98465,1988
174862,1988
96453,1988
98048,1988
157713,1988
97008,1988
98057,1988
96764,1988
96486,1988
97818,1988
121922,1988
96463,1988
98087,1988
97223,1988
118930,1988
96427,1988
98180,1988
251640,1988
100339,1989
169005,1989
99496,1989
777905,1989
243976,1989
157412,1989
100273,1989
98669,1989
174240,1989
98681,1989
122037,1989
170232,1989
99656,1989
772251,1989
102497,1989
171512,1989
300212,1989
141861,1989
98645,1989
98649,1989
202152,1989
123920,1989
100645,1989
135037,1989
173024,1989
326101,1989
98638,1989
101366,1989
100842,1989
834581,1989
103959,1989
98659,1989
185481,1989
98623,1989
101561,1989
245567,1989
102489,1989
98622,1989
178579,1989
142235,1989
140859,1989
98627,1989
99317,1989
104740,1989
98635,1989
101296,1989
100632,1989
100265,1989
98724,1989
100031,1989
98732,1989
100762,1989
99242,1989
143353,1989
99601,1989
98725,1989
99180,1989
98624,1989
102800,1989
100811,1989
100095,1989
98691,1989
98678,1989
99978,1989
199741,1989
213536,1989
143338,1989
99614,1989
99026,1989
99030,1989
287337,1989
99143,1989
271082,1989
101026,1989
100531,1989
98663,1989
98625,1989
100211,1989
100934,1989
98672,1989
99648,1989
100271,1989
220218,1990
140581,1990
102569,1990
103802,1990
104147,1990
131550,1990
254942,1990
102940,1990
102432,1990
244992,1990
277794,1990
163871,1990
100944,1990
100950,1990
121442,1990
100924,1990
102668,1990
142240,1990
123325,1990
101025,1990
246642,1990
100879,1990
261296,1990
101005,1990
100931,1990
101420,1990
376098,1990
241399,1990
100935,1990
100975,1990
259877,1990
100998,1990
100946,1990
104361,1990
100943,1990
2860568,1990
142233,1990
101927,1990
293525,1990
103008,1990
102365,1990
102943,1990
100994,1990
100990,1990
100904,1990
103035,1990
308827,1990
271572,1990
102458,1990
103130,1990
100928,1990
101741,1990
205070,1990
103069,1990
102993,1990
100911,1990
105643,1990
103150,1990
142245,1990
102744,1990
103251,1990
101326,1990
102217,1990
101578,1990
107561,1990
101692,1990
103129,1990
101531,1990
162941,1990
121262,1990
100912,1990
100873,1990
102574,1990
5309926,1990
103923,1990
103666,1990
101258,1990
101264,1990
103268,1990
484371,1990
213268,1991
105108,1991
186311,1991
249934,1991
3554456,1991
209919,1991
485701,1991
277187,1991
345177,1991
105492,1991
117609,1991
238059,1991
251156,1991
103247,1991
103213,1991
112545,1991
1651146,1991
353975,1991
105597,1991
353496,1991
159568,1991
142244,1991
218871,1991
103239,1991
221543,1991
104822,1991
104142,1991
103241,1991
103262,1991
252993,1991
103316,1991
103301,1991
104109,1991
103218,1991
103253,1991
103243,1991
204752,1991
1125254,1991
103337,1991
166817,1991
103285,1991
104567,1991
103621,1991
103956,1991
103957,1991
2365172,1991
103303,1991
104922,1991
104057,1991
225009,1991
103292,1991
103207,1991
103282,1991
105691,1991
103882,1991
104402,1991
105242,1991
104045,1991
103991,1991
103704,1991
105791,1991
104233,1991
103190,1991
105121,1991
105410,1991
109228,1991
105809,1991
134057,1991
104418,1991
254683,1991
104119,1991
130236,1991
105287,1991
105378,1991
103314,1991
105717,1991
105120,1991
103838,1991
105114,1991
104239,1991
228457,1991
121297,1992
105660,1992
475612,1992
180853,1992
106902,1992
148668,1992
361661,1992
274518,1992
111695,1992
106258,1992
158644,1992
134178,1992
105859,1992
148388,1992
349113,1992
266875,1992
105793,1992
105750,1992
105916,1992
142237,1992
2222430,1992
105812,1992
105871,1992
105813,1992
246643,1992
105639,1992
105744,1992
930902,1992
105789,1992
105719,1992
108504,1992
105665,1992
125418,1992
135427,1992
874289,1992
230367,1992
875155,1992
105699,1992
242599,1992
126234,1992
105698,1992
142241,1992
107922,1992
105811,1992
105695,1992
240425,1992
181173,1992
108489,1992
105790,1992
105888,1992
290937,1992
105682,1992
105654,1992
106758,1992
108176,1992
105810,1992
105824,1992
105839,1992
105764,1992
106950,1992
107225,1992
205719,1992
480827,1992
105690,1992
106308,1992
167046,1992
105632,1992
105884,1992
106683,1992
105885,1992
107999,1992
475730,1992
106591,1992
106693,1992
144618,1992
109412,1992
106473,1992
2661788,1992
105706,1992
107875,1992
129161,1992
108650,1992
782847,1992
105636,1992
107668,1992
108370,1993
260155,1993
111216,1993
108432,1993
109099,1993
108518,1993
110222,1993
108317,1993
109195,1993
233979,1993
108592,1993
248752,1993
108366,1993
108480,1993
108500,1993
108421,1993
108473,1993
108451,1993
108311,1993
142247,1993
154030,1993
142242,1993
108308,1993
108342,1993
108583,1993
108593,1993
108556,1993
242424,1993
108330,1993
291855,1993
108560,1993
108334,1993
108517,1993
125425,1993
152183,1993
149244,1993
108557,1993
108656,1993
300444,1993
108539,1993
142238,1993
108327,1993
108346,1993
164336,1993
214238,1993
1286785,1993
124770,1993
108435,1993
108569,1993
108457,1993
108471,1993
108597,1993
111709,1993
110022,1993
108577,1993
108442,1993
109838,1993
110246,1993
108630,1993
111399,1993
111552,1993
108606,1993
109823,1993
115819,1993
108633,1993
110543,1993
108339,1993
109382,1993
108410,1993
109665,1993
110307,1993
191173,1993
108344,1993
200698,1993
108350,1993
110623,1993
111770,1993
449880,1993
108526,1993
108369,1993
111787,1993
110719,1993
108525,1993
108596,1993
108598,1993
108624,1993
500177,1993
214915,1993
109747,1993
321715,1993
108559,1993
111469,1994
144185,1994
117865,1994
159241,1994
111430,1994
111156,1994
111218,1994
112655,1994
180443,1994
111038,1994
113138,1994
1346965,1994
111845,1994
111459,1994
111817,1994
149281,1994
159611,1994
198913,1994
239723,1994
240791,1994
111040,1994
111252,1994
111385,1994
111600,1994
111573,1994
111622,1994
168845,1994
111512,1994
111752,1994
111749,1994
111341,1994
114465,1994
111388,1994
111387,1994
111190,1994
142239,1994
111397,1994
145529,1994
190277,1994
111800,1994
111419,1994
111199,1994
111701,1994
111804,1994
111579,1994
111470,1994
111386,1994
111546,1994
111157,1994
111158,1994
113752,1994
111742,1994
2287418,1994
111408,1994
111275,1994
142234,1994
111093,1994
111205,1994
111082,1994
111835,1994
111021,1994
114563,1994
208579,1994
111653,1994
192578,1994
111751,1994
111237,1994
111666,1994
478361,1994
112570,1994
111102,1994
111055,1994
284606,1994
122768,1994
111562,1994
156171,1994
111555,1994
111170,1994
111187,1994
111271,1994
111807,1994
111735,1994
111667,1994
220301,1994
111342,1994
111640,1994
117577,1994
111333,1994
114577,1994
193164,1994
111054,1994
111477,1994
111293,1994
111030,1994
111159,1994
111543,1994
139091,1994
111361,1994
179624,1994
112993,1994
226168,1995
114957,1995
114671,1995
114462,1995
122946,1995
114690,1995
123360,1995
118137,1995
117669,1995
114371,1995
114754,1995
114234,1995
327733,1995
122264,1995
1918657,1995
114329,1995
139876,1995
131356,1995
114706,1995
142236,1995
382114,1995
114266,1995
114537,1995
114694,1995
114368,1995
114623,1995
114445,1995
114787,1995
114376,1995
114287,1995
114416,1995
114418,1995
114697,1995
114759,1995
140399,1995
122968,1995
114864,1995
117193,1995
3422000,1995
114906,1995
114863,1995
117076,1995
114429,1995
202667,1995
114684,1995
115040,1995
117017,1995
114469,1995
114323,1995
114437,1995
142243,1995
271446,1995
117970,1995
114496,1995
161981,1995
1052003,1995
114805,1995
114308,1995
114435,1995
114745,1995
363828,1995
114682,1995
114303,1995
117284,1995
114666,1995
114354,1995
114494,1995
117999,1995
117517,1995
115684,1995
117117,1995
114597,1995
119845,1995
114534,1995
117868,1995
114307,1995
114436,1995
377321,1995
255264,1995
114728,1995
117143,1995
373915,1995
114550,1995
116422,1995
2330912,1995
117262,1995
176326,1995
236135,1995
114212,1995
114523,1995
116344,1995
116247,1995
114419,1995
115006,1995
118011,1995
192189,1995
114704,1995
131396,1995
114306,1995
114860,1995
114928,1995
262234,1995
114732,1995
114658,1995
114432,1995
1530535,1995
192802,1995
114783,1995
140614,1996
174917,1996
477021,1996
118020,1996
144557,1996
229499,1996
122467,1996
118018,1996
118043,1996
119049,1996
119007,1996
120200,1996
117945,1996
118111,1996
120238,1996
117817,1996
117879,1996
118001,1996
118239,1996
217679,1996
117951,1996
119256,1996
120199,1996
272341,1996
142250,1996
117788,1996
246641,1996
217635,1996
120392,1996
127311,1996
118159,1996
117891,1996
117927,1996
117883,1996
117774,1996
117876,1996
117979,1996
117784,1996
118214,1996
120554,1996
117942,1996
117998,1996
117808,1996
118064,1996
117995,1996
117968,1996
117909,1996
117781,1996
237765,1996
200529,1996
120414,1996
127310,1996
144095,1996
126839,1996
118138,1996
117765,1996
984202,1996
118113,1996
151416,1996
117913,1996
161979,1996
296236,1996
117826,1996
117918,1996
118100,1996
118073,1996
160356,1996
118098,1996
117768,1996
117965,1996
117791,1996
118074,1996
118044,1996
118125,1996
117969,1996
117773,1996
118024,1996
118230,1996
118063,1996
117794,1996
118308,1996
117887,1996
117958,1996
117775,1996
123092,1996
122689,1996
118172,1996
117802,1996
118127,1996
117924,1996
119783,1996
117814,1996
117894,1996
118147,1996
141937,1996
117966,1996
287670,1996
128089,1996
117991,1996
117905,1996
118015,1996
331541,1996
118178,1996
117994,1996
117973,1996
296492,1996
118117,1996
117907,1996
118003,1996
120118,1996
131278,1996
122494,1996
137355,1996
120523,1996
223503,1996
118163,1996
444845,1996
118201,1996
351080,1997
126820,1997
143751,1997
125522,1997
183892,1997
125128,1997
266791,1997
129774,1997
281920,1997
144020,1997
367655,1997
411302,1997
190583,1997
144555,1997
168473,1997
500151,1997
374099,1997
125678,1997
1538465,1997
141986,1997
149171,1997
130019,1997
286648,1997
251582,1997
126838,1997
130860,1997
140894,1997
219919,1997
167945,1997
169880,1997
304072,1997
142232,1997
297994,1997
130514,1997
179526,1997
406672,1997
270758,1997
219207,1997
158489,1997
159914,1997
159931,1997
876545,1997
122734,1997
127710,1997
130200,1997
127302,1997
420077,1997
142316,1997
160339,1997
156460,1997
196503,1997
156887,1997
169858,1997
326325,1997
152979,1997
161978,1997
124312,1997
162211,1997
122787,1997
275287,1997
124207,1997
125980,1997
284607,1997
127288,1997
126627,1997
124819,1997
124295,1997
124179,1997
125319,1997
123755,1997
123385,1997
127952,1997
207907,1997
126938,1997
123950,1997
127276,1997
126438,1997
126344,1997
128292,1997
127322,1997
123328,1997
129923,1997
127497,1997
192470,1997
127626,1997
129114,1997
128332,1997
190882,1997
179761,1997
485270,1997
163986,1997
152444,1997
127392,1997
128996,1997
123948,1997
133170,1997
195753,1997
131409,1997
168170,1997
124185,1997
143334,1997
133024,1997
132893,1997
145046,1997
139564,1997
133906,1997
173906,1997
133104,1997
133643,1997
143889,1997
128755,1997
124115,1997
233422,1997
125659,1997
225029,1997
135187,1997
136199,1997
124349,1997
128133,1997
135155,1997
135007,1997
123975,1997
202909,1998
284613,1998
210740,1998
195909,1998
376921,1998
172341,1998
174446,1998
274530,1998
166604,1998
1796619,1998
166791,1998
241146,1998
169222,1998
185584,1998
188913,1998
229290,1998
1259773,1998
204908,1998
166707,1998
300957,1998
229957,1998
213968,1998
168787,1998
399803,1998
166556,1998
500144,1998
174180,1998
500140,1998
167145,1998
168043,1998
177227,1998
174931,1998
279487,1998
178868,1998
412852,1998
167049,1998
246734,1998
212423,1998
846774,1998
173080,1998
168749,1998
233528,1998
965649,1998
188503,1998
188996,1998
233973,1998
241073,1998
187231,1998
277605,1998
190419,1998
193997,1998
196502,1998
210659,1998
190641,1998
403962,1998
169145,1998
166808,1998
166503,1998
169024,1998
169590,1998
171049,1998
167059,1998
243604,1998
187712,1998
168972,1998
207332,1998
171768,1998
167565,1998
169156,1998
168475,1998
168449,1998
169333,1998
169302,1998
167925,1998
166396,1998
170705,1998
285800,1998
166792,1998
304296,1998
183225,1998
186654,1998
173714,1998
167117,1998
178031,1998
275413,1998
176415,1998
167947,1998
172684,1998
187809,1998
175844,1998
174852,1998
176422,1998
175680,1998
170544,1998
190268,1998
177867,1998
176943,1998
171135,1998
177838,1998
183306,1998
176892,1998
173886,1998
167132,1998
168740,1998
241230,1998
166973,1998
166960,1998
179196,1998
168156,1998
210609,1998
263438,1998
167247,1998
180657,1998
175550,1998
181315,1998
191019,1998
181627,1998
211634,1998
189764,1998
804517,1998
178928,1998
174792,1998
169548,1998
194283,1998
167341,1998
184354,1998
179218,1998
171725,1998
181978,1998
183065,1998
197467,1998
167758,1998
191353,1998
266010,1999
214605,1999
253594,1999
248568,1999
303915,1999
210843,1999
207998,1999
1003080,1999
228459,1999
336699,1999
223251,1999
361450,1999
212517,1999
213121,1999
256749,1999
223530,1999
244199,1999
222743,1999
210727,1999
228073,1999
1619856,1999
373960,1999
219964,1999
211219,1999
1139643,1999
212573,1999
3651062,1999
231237,1999
218553,1999
246645,1999
226648,1999
2488310,1999
331508,1999
230334,1999
235872,1999
266428,1999
235452,1999
242546,1999
213969,1999
296108,1999
1290732,1999
1067920,1999
311926,1999
377008,1999
368400,1999
207341,1999
213905,1999
207639,1999
240732,1999
383678,1999
210234,1999
209263,1999
208783,1999
214555,1999
243558,1999
272183,1999
301082,1999
211934,1999
267116,1999
207697,1999
389011,1999
3144708,1999
210163,1999
210741,1999
208995,1999
210717,1999
210389,1999
209463,1999
209189,1999
277740,1999
233856,1999
310044,1999
207195,1999
215369,1999
214730,1999
210302,1999
251656,1999
210167,1999
216165,1999
216048,1999
262246,1999
235198,1999
209368,1999
259731,1999
217894,1999
222368,1999
208101,1999
277663,1999
210629,1999
219887,1999
214931,1999
235060,1999
244464,1999
230591,1999
218043,1999
220016,1999
214874,1999
210358,1999
212742,1999
263101,1999
235413,1999
216817,1999
240221,1999
220656,1999
207972,1999
221344,1999
220806,1999
225535,1999
235154,1999
220644,1999
220726,1999
219813,1999
211286,1999
209174,1999
221111,1999
222608,1999
354364,1999
1791680,1999
207805,1999
216621,1999
212579,1999
238414,1999
234217,1999
220507,1999
210200,1999
217074,1999
226418,1999
229965,1999
232611,1999
234105,1999
229075,1999
266075,1999
247613,1999
293092,1999
267721,2000
279079,2000
288114,2000
259265,2000
251777,2000
268677,2000
263868,2000
266821,2000
253658,2000
929753,2000
259072,2000
304676,2000
272884,2000
260688,2000
259981,2000
268037,2000
365797,2000
366620,2000
1388441,2000
261552,2000
330500,2000
260731,2000
269743,2000
258761,2000
263957,2000
259974,2000
258247,2000
330501,2000
266437,2000
945365,2000
263366,2000
255589,2000
499004,2000
267601,2000
293282,2000
270560,2000
250478,2000
266555,2000
427531,2000
258489,2000
253378,2000
270919,2000
292149,2000
261184,2000
252802,2000
269857,2000
295362,2000
250690,2000
251739,2000
268327,2000
251756,2000
301083,2000
262240,2000
784145,2000
251070,2000
258850,2000
256459,2000
259388,2000
255111,2000
261703,2000
250990,2000
274738,2000
250440,2000
255665,2000
262210,2000
260332,2000
250809,2000
254325,2000
264578,2000
262826,2000
258885,2000
255321,2000
262414,2000
260948,2000
267490,2000
255094,2000
255195,2000
262774,2000
257289,2000
260991,2000
282599,2000
271383,2000
259182,2000
260054,2000
260193,2000
260949,2000
314017,2000
259442,2000
267817,2000
259256,2000
255067,2000
262432,2000
252966,2000
269217,2000
260775,2000
264802,2000
255177,2000
255873,2000
263491,2000
265212,2000
275434,2000
251433,2000
266861,2000
265736,2000
297814,2000
264804,2000
275773,2000
253709,2000
250469,2000
264695,2000
267675,2000
267536,2000
284946,2000
255198,2000
264734,2000
269587,2000
266850,2000
265232,2000
295232,2000
251094,2000
275230,2000
277558,2000
268696,2000
256466,2000
278793,2000
285005,2000
251382,2000
267657,2000
250730,2000
269856,2000
270317,2000
252985,2000
269604,2000
266308,2000
266408,2000
269389,2000
271029,2000
414243,2000
292097,2000
269410,2000
255305,2000
284880,2000
304564,2000
479000,2000
303243,2000
312297,2001
373873,2001
389371,2001
290823,2001
308808,2001
309614,2001
304790,2001
365130,2001
348080,2001
309061,2001
313504,2001
400687,2001
386092,2001
299873,2001
308090,2001
298411,2001
318960,2001
289605,2001
807944,2001
291559,2001
287803,2001
372866,2001
307385,2001
2629370,2001
385586,2001
365965,2001
347228,2001
299594,2001
288024,2001
294805,2001
297905,2001
290329,2001
5952180,2001
328952,2001
288092,2001
416938,2001
287936,2001
322232,2001
289181,2001
287645,2001
292066,2001
368197,2001
293416,2001
297101,2001
289320,2001
1039952,2001
307162,2001
311361,2001
288624,2001
289213,2001
290498,2001
287537,2001
294916,2001
291310,2001
291833,2001
287635,2001
287635,2001
290326,2001
1046963,2001
292490,2001
293715,2001
291350,2001
288808,2001
306474,2001
292508,2001
291507,2001
293082,2001
293854,2001
289477,2001
340078,2001
292542,2001
290879,2001
368296,2001
877335,2001
295671,2001
290654,2001
290661,2001
307431,2001
298238,2001
297721,2001
291376,2001
290423,2001
310279,2001
295552,2001
290662,2001
309291,2001
296310,2001
301235,2001
305884,2001
307109,2001
293664,2001
307197,2001
299213,2001
297450,2001
296809,2001
301050,2001
295682,2001
295682,2001
301163,2001
287986,2001
296696,2001
295192,2001
294289,2001
288441,2001
293849,2001
355857,2001
290057,2001
294431,2001
295368,2001
296658,2001
294918,2001
296845,2001
290591,2001
299937,2001
294939,2001
881395,2001
295152,2001
300028,2001
312843,2001
304262,2001
290031,2001
295168,2001
289054,2001
406929,2001
296753,2001
298786,2001
300657,2001
297169,2001
302022,2001
300879,2001
329374,2001
300611,2001
290332,2001
294264,2001
328420,2001
295432,2001
302309,2001
287535,2001
301526,2001
409827,2001
289138,2001
301429,2001
301935,2001
294885,2001
301727,2001
291003,2001
312941,2001
310149,2001
290321,2001
293176,2001
287934,2001
299040,2001
305173,2001
296042,2001
462717,2001
302739,2001
291341,2001
295578,2001
306359,2001
306855,2001
294725,2001
331282,2002
343168,2002
340258,2002
330152,2002
342036,2002
347840,2002
333645,2002
347752,2002
803038,2002
1453242,2002
337868,2002
327201,2002
340398,2002
338111,2002
330904,2002
338086,2002
355683,2002
345561,2002
396743,2002
339976,2002
351382,2002
334029,2002
347623,2002
450061,2002
333847,2002
370754,2002
355364,2002
330472,2002
432232,2002
333373,2002
348214,2002
354696,2002
389448,2002
326450,2002
325655,2002
378730,2002
346039,2002
330247,2002
365402,2002
362449,2002
331525,2002
325478,2002
325772,2002
327920,2002
329083,2002
325165,2002
326598,2002
349136,2002
331218,2002
330243,2002
327071,2002
347791,2002
330829,2002
330795,2002
347618,2002
1121958,2002
827737,2002
328007,2002
354243,2002
327036,2002
337585,2002
338997,2002
910852,2002
499665,2002
334754,2002
326722,2002
339579,2002
329106,2002
328802,2002
332831,2002
330229,2002
331479,2002
331701,2002
327205,2002
328132,2002
358284,2002
334548,2002
326773,2002
342570,2002
334416,2002
339482,2002
332639,2002
331834,2002
332766,2002
332422,2002
327169,2002
332381,2002
373389,2002
346091,2002
331639,2002
327753,2002
346513,2002
330136,2002
352465,2002
325322,2002
333764,2002
326306,2002
338176,2002
329330,2002
331041,2002
332834,2002
329321,2002
351867,2002
349761,2002
339881,2002
352561,2002
325849,2002
339149,2002
351167,2002
364385,2002
336678,2002
365262,2002
374262,2002
338353,2002
342965,2002
340468,2002
358631,2002
349686,2002
328962,2002
351369,2002
388474,2002
326449,2002
329572,2002
436396,2002
329200,2002
351817,2002
369445,2002
341334,2002
341595,2002
353252,2002
352925,2002
329767,2002
341470,2002
357282,2002
329347,2002
334405,2002
341495,2002
358947,2002
339422,2002
342317,2002
362536,2002
341455,2002
333388,2002
341384,2002
332743,2002
338357,2002
338768,2002
329737,2002
380275,2002
452009,2002
384252,2002
337961,2002
417241,2002
367602,2002
332605,2002
382602,2002
341555,2002
338564,2002
1625545,2002
329414,2002
345543,2002
346952,2002
329485,2002
330843,2002
346900,2002
346094,2002
366621,2002
338450,2002
339918,2002
379484,2003
379269,2003
378361,2003
1098199,2003
396781,2003
379000,2003
374184,2003
388534,2003
378773,2003
435724,2003
390067,2003
385330,2003
495241,2003
381716,2003
377515,2003
377569,2003
410332,2003
425027,2003
379370,2003
383551,2003
398259,2003
420181,2003
400517,2003
1105281,2003
384309,2003
378262,2003
1039992,2003
386095,2003
382631,2003
1054024,2003
380485,2003
387682,2003
383475,2003
439574,2003
379730,2003
426265,2003
376144,2003
378428,2003
384819,2003
377701,2003
374273,2003
390005,2003
376058,2003
384036,2003
390336,2003
429245,2003
376717,2003
376968,2003
382868,2003
373861,2003
373193,2003
373941,2003
388544,2003
420076,2003
384832,2003
375878,2003
381936,2003
377770,2003
399660,2003
383998,2003
378879,2003
372937,2003
374271,2003
395293,2003
382821,2003
420511,2003
374308,2003
377651,2003
410321,2003
373856,2003
377556,2003
376568,2003
389778,2003
388395,2003
379557,2003
379296,2003
379217,2003
379461,2003
379593,2003
379357,2003
378906,2003
379270,2003
379225,2003
373283,2003
377992,2003
380311,2003
379199,2003
381637,2003
374546,2003
380726,2003
377834,2003
385243,2003
380620,2003
377031,2003
389817,2003
374330,2003
376800,2003
382385,2003
403990,2003
381131,2003
381842,2003
383206,2003
434231,2003
380758,2003
820087,2003
399040,2003
419967,2003
425153,2003
424565,2003
375782,2003
385363,2003
387057,2003
375909,2003
458227,2003
374345,2003
412904,2003
380164,2003
387357,2003
417053,2003
390538,2003
386124,2003
386123,2003
410407,2003
382734,2003
379063,2003
414042,2003
378897,2003
376076,2003
2194492,2003
395479,2003
378244,2003
379713,2003
436769,2003
431077,2003
386831,2003
373175,2003
443335,2003
423881,2003
397612,2003
382014,2003
768131,2003
373981,2003
379577,2003
437198,2003
374275,2003
391857,2003
408730,2003
381838,2003
382197,2003
374286,2003
380728,2003
409965,2003
378230,2003
768690,2003
398563,2003
379576,2003
387301,2003
374506,2003
374339,2003
390393,2003
400507,2003
374887,2003
399942,2003
387596,2003
379053,2003
388473,2003
428441,2004
493226,2004
417243,2004
803890,2004
452226,2004
424279,2004
424129,2004
465472,2004
1003141,2004
432028,2004
430745,2004
462673,2004
454587,2004
440067,2004
468774,2004
419280,2004
425458,2004
439491,2004
442268,2004
439682,2004
440846,2004
439533,2004
420133,2004
805605,2004
446930,2004
422370,2004
419424,2004
419766,2004
419142,2004
416960,2004
431770,2004
469772,2004
423849,2004
420116,2004
420541,2004
444890,2004
425624,2004
446320,2004
430289,2004
431619,2004
424430,2004
422349,2004
426075,2004
444759,2004
423868,2004
417191,2004
783798,2004
430772,2004
420728,2004
471614,2004
875695,2004
416829,2004
416825,2004
418141,2004
1555904,2004
418305,2004
419909,2004
426155,2004
449786,2004
418038,2004
420046,2004
435286,2004
1303232,2004
418362,2004
416991,2004
428725,2004
416853,2004
435437,2004
420333,2004
452039,2004
420260,2004
422618,2004
420090,2004
417072,2004
431126,2004
472458,2004
422236,2004
461847,2004
476680,2004
814086,2004
425509,2004
1068302,2004
422091,2004
425125,2004
419420,2004
420251,2004
420206,2004
419279,2004
420291,2004
435638,2004
424934,2004
420952,2004
420917,2004
418129,2004
423277,2004
440803,2004
440003,2004
424509,2004
419806,2004
424273,2004
425622,2004
439676,2004
430082,2004
416908,2004
418096,2004
420548,2004
428059,2004
430328,2004
427339,2004
430651,2004
425388,2004
426955,2004
419677,2004
443723,2004
447641,2004
470913,2004
493567,2004
418778,2004
427228,2004
426173,2004
437806,2004
430065,2004
429086,2004
420318,2004
439418,2004
423866,2004
417791,2004
435610,2004
430484,2004
431091,2004
436374,2004
424885,2004
424028,2004
442001,2004
441263,2004
826237,2004
433770,2004
436319,2004
442286,2004
459168,2004
424237,2004
428518,2004
428870,2004
419515,2004
810916,2004
440445,2004
417949,2004
423310,2004
418460,2004
420332,2004
427783,2004
462721,2004
435776,2004
430063,2004
428144,2004
439553,2004
439784,2004
440751,2004
467694,2004
965457,2004
474728,2004
427541,2004
1034006,2004
439532,2004
884842,2004
437238,2004
433367,2004
441908,2004
425758,2004
419449,2004
437123,2004
427224,2004
439783,2004
477424,2004
436855,2004
439884,2004
416979,2004
444778,2004
425468,2004
419952,2004
418259,2004
470402,2004
431340,2004
424272,2004
423505,2004
455565,2004
470764,2004
480753,2005
482495,2005
1561457,2005
476016,2005
479164,2005
488174,2005
2650192,2005
478988,2005
1024215,2005
962781,2005
1270080,2005
476527,2005
478116,2005
113286,2005
478166,2005
813999,2005
498121,2005
475420,2005
1254975,2005
820111,2005
756359,2005
184799,2005
489067,2005
1957996,2005
483836,2005
337114,2005
886500,2005
491399,2005
841115,2005
779722,2005
303929,2005
475750,2005
160706,2005
222167,2005
2054778,2005
475760,2005
339334,2005
342272,2005
318761,2005
1567243,2005
118141,2005
342258,2005
1869360,2005
494724,2005
479926,2005
965484,2005
317132,2005
340331,2005
331933,2005
257516,2005
2780668,2005
493393,2005
337610,2005
340163,2005
216584,2005
477991,2005
318649,2005
332047,2005
756639,2005
316824,2005
965355,2005
477916,2005
290747,2005
1016268,2005
337573,2005
285682,2005
329774,2005
495729,2005
320661,2005
200374,2005
473506,2005
264323,2005
318081,2005
342735,2005
121766,2005
809927,2005
791201,2005
251744,2005
299215,2005
325191,2005
2046164,2005
476323,2005
337636,2005
294806,2005
891326,2005
251951,2005
479113,2005
120667,2005
2137684,2005
479506,2005
478999,2005
875609,2005
485323,2005
477857,2005
476872,2005
474642,2005
475783,2005
475296,2005
326905,2005
476969,2005
474603,2005
666194,2005
930083,2005
976172,2005
1242449,2005
777243,2005
475169,2005
337656,2005
478044,2005
477253,2005
343996,2005
498567,2005
474361,2005
312004,2005
478160,2005
783476,2005
240200,2005
475616,2005
342882,2005
348505,2005
310243,2005
477877,2005
121164,2005
478324,2005
478101,2005
473733,2005
480163,2005
478209,2005
473434,2005
475723,2005
489015,2005
484439,2005
327643,2005
339642,2005
483918,2005
843328,2005
343221,2005
491777,2005
475271,2005
758442,2005
484266,2005
480345,2005
485777,2005
348333,2005
475302,2005
473719,2005
892425,2005
487176,2005
204322,2005
477404,2005
791635,2005
285175,2005
497531,2005
487116,2005
338427,2005
487907,2005
830581,2005
2248926,2005
477585,2005
494831,2005
489800,2005
478175,2005
760506,2005
330373,2005
798722,2005
484855,2005
219171,2005
486585,2005
826039,2005
474917,2005
488870,2005
488762,2005
491661,2005
478024,2005
476735,2005
478338,2005
294870,2005
480461,2005
475994,2005
494901,2005
478331,2005
811095,2005
485147,2005
490984,2005
492967,2005
475557,2005
492460,2005
486420,2005
475999,2005
480008,2005
480844,2005
484113,2005
756313,2005
492533,2005
499041,2005
498465,2005
497025,2005
643109,2005
491722,2005
473753,2005
492650,2005
267891,2005
475645,2005
492784,2005
479660,2005
479152,2005
339526,2005
1159943,2005
482552,2005
492835,2005
795338,2005
429068,2006
426138,2006
391229,2006
409962,2006
390245,2006
409904,2006
997088,2006
407038,2006
976039,2006
1051713,2006
1828247,2006
425151,2006
405052,2006
403946,2006
991232,2006
404390,2006
401855,2006
409681,2006
408985,2006
385726,2006
397551,2006
417003,2006
412798,2006
383216,2006
416496,2006
1506448,2006
397557,2006
377029,2006
424938,2006
402505,2006
417614,2006
422366,2006
409034,2006
367088,2006
413358,2006
405508,2006
411267,2006
421729,2006
426883,2006
417433,2006
995055,2006
384814,2006
380817,2006
430051,2006
381971,2006
414982,2006
408345,2006
428532,2006
354899,2006
424880,2006
397313,2006
349467,2006
360323,2006
2318505,2006
425210,2006
417046,2006
325011,2006
429277,2006
404163,2006
370032,2006
417871,2006
424942,2006
429591,2006
405469,2006
421057,2006
420901,2006
323120,2006
393735,2006
427229,2006
383353,2006
405094,2006
419749,2006
415833,2006
386741,2006
415778,2006
1319731,2006
429727,2006
425235,2006
422861,2006
372122,2006
371552,2006
428196,2006
375154,2006
402743,2006
397853,2006
362120,2006
430582,2006
2047709,2006
384537,2006
327084,2006
386534,2006
427528,2006
345461,2006
425985,2006
426462,2006
380268,2006
422401,2006
427461,2006
412796,2006
425253,2006
428541,2006
425395,2006
364745,2006
317919,2006
425150,2006
1832484,2006
1782426,2006
427089,2006
409182,2006
415949,2006
397078,2006
405336,2006
401711,2006
382625,2006
367027,2006
129871,2006
376994,2006
422720,2006
405296,2006
424345,2006
398839,2006
425321,2006
421045,2006
2612156,2006
317219,2006
420757,2006
419081,2006
419058,2006
420087,2006
419073,2006
410297,2006
1014673,2006
383574,2006
402378,2006
389860,2006
978797,2006
418657,2006
385988,2006
353357,2006
972542,2006
348150,2006
428446,2006
385622,2006
420313,2006
1000095,2006
392883,2006
424992,2006
425094,2006
382765,2006
424958,2006
428646,2006
385880,2006
429589,2006
430357,2006
369994,2006
430164,2006
414853,2006
415306,2006
417148,2006
425196,2006
383060,2006
407621,2006
419815,2006
384793,2006
1422757,2006
410730,2006
417225,2006
422295,2006
427969,2006
430304,2006
387808,2006
395119,2006
389557,2006
308055,2006
414993,2006
398913,2006
423169,2006
416871,2006
420223,2006
401445,2006
424908,2006
396042,2006
405676,2006
425326,2006
396171,2006
308353,2006
417532,2006
387877,2006
421206,2006
426501,2006
206634,2006
419434,2006
380066,2006
412637,2006
406816,2006
400717,2006
1016169,2006
1337086,2006
423372,2006
407887,2006
404203,2006
424993,2006
420294,2006
425601,2006
1131674,2006
419946,2006
430431,2006
122202,2006
418689,2006
1570090,2006
984996,2006
395495,2006
371530,2006
375785,2006
424095,2006
1710565,2006
1236242,2006
318126,2006
362225,2006
418879,2006
384712,2006
364955,2006
1023122,2006
381061,2006
381111,2006
366548,2006
996948,2006
420609,2006
1090639,2006
365830,2006
1235414,2006
259822,2006
417056,2006
1045898,2006
416449,2006
343737,2006
402874,2006
344854,2006
413895,2006
284363,2006
976216,2006
1084683,2006
416051,2006
471359,2007
463027,2007
475417,2007
473310,2007
462295,2007
438052,2007
479008,2007
426114,2007
475243,2007
446083,2007
459605,2007
469966,2007
1782451,2007
450238,2007
393956,2007
478265,2007
475330,2007
449671,2007
465316,2007
463998,2007
462229,2007
422783,2007
446013,2007
465461,2007
301555,2007
455960,2007
477078,2007
415856,2007
399095,2007
416675,2007
460883,2007
388182,2007
397044,2007
478365,2007
433350,2007
477340,2007
425430,2007
465940,2007
299981,2007
367959,2007
477071,2007
372873,2007
450188,2007
477051,2007
473360,2007
452631,2007
466449,2007
438859,2007
401997,2007
468965,2007
425112,2007
411061,2007
466816,2007
398808,2007
473464,2007
259324,2007
459924,2007
456982,2007
458050,2007
391095,2007
478705,2007
446752,2007
416508,2007
443706,2007
473697,2007
400347,2007
374563,2007
427470,2007
446009,2007
478394,2007
447907,2007
479221,2007
455760,2007
469184,2007
453451,2007
396555,2007
453556,2007
439876,2007
475355,2007
464907,2007
465737,2007
445934,2007
412808,2007
478126,2007
469429,2007
439115,2007
422774,2007
462242,2007
476995,2007
422981,2007
448134,2007
444682,2007
460808,2007
457433,2007
455326,2007
419843,2007
454065,2007
462396,2007
452702,2007
478737,2007
393597,2007
470737,2007
435705,2007
475286,2007
423783,2007
403057,2007
463854,2007
443473,2007
435670,2007
389328,2007
418586,2007
283503,2007
472205,2007
413300,2007
338216,2007
437325,2007
443455,2007
466839,2007
478125,2007
3367188,2007
462160,2007
473700,2007
413267,2007
386032,2007
379976,2007
462023,2007
449088,2007
446802,2007
459102,2007
401383,2007
393329,2007
2042464,2007
473308,2007
466766,2007
437526,2007
449471,2007
478311,2007
464061,2007
449573,2007
441007,2007
2187177,2007
465657,2007
427998,2007
423294,2007
413099,2007
416185,2007
446055,2007
337978,2007
382932,2007
365880,2007
418279,2007
373889,2007
450385,2007
370242,2007
427327,2007
452644,2007
475289,2007
473188,2007
2637720,2007
462538,2007
2069719,2007
465602,2007
476576,2007
350002,2007
440963,2007
432264,2007
467110,2007
473356,2007
472477,2007
293564,2007
462244,2007
427392,2007
431197,2007
456340,2007
465407,2007
464141,2007
424823,2007
478329,2007
466713,2007
373883,2007
478134,2007
443680,2007
455782,2007
443678,2007
446750,2007
425413,2007
381849,2007
455805,2007
414055,2007
455537,2007
444672,2007
472071,2007
419984,2007
445922,2007
462441,2007
476964,2007
416044,2007
465436,2007
432021,2007
452625,2007
445336,2007
469623,2007
292963,2007
421082,2007
465375,2007
465538,2007
472562,2007
368794,2007
460811,2007
459913,2007
408839,2007
446463,2007
479074,2007
449018,2007
466943,2007
419887,2007
389722,2007
459759,2007
452623,2007
478273,2007
389790,2007
415965,2007
442933,2007
477348,2007
443570,2007
452592,2007
457419,2007
425990,2007
431308,2007
461770,2007
426931,2007
465494,2007
435528,2007
471711,2007
211933,2007
460780,2007
1735198,2007
385752,2007
419704,2007
467406,2007
378848,2007
2197863,2007
465234,2007
415141,2007
437954,2007
472062,2007
408236,2007
427309,2007
469494,2007
884762,2008
825279,2008
875705,2008
484831,2008
791303,2008
847150,2008
871026,2008
762145,2008
758796,2008
907848,2008
479044,2008
870122,2008
494277,2008
808244,2008
859644,2008
892096,2008
929441,2008
795463,2008
914845,2008
792986,2008
896031,2008
814131,2008
487928,2008
867271,2008
479968,2008
930072,2008
871865,2008
486578,2008
892874,2008
783328,2008
888693,2008
485857,2008
825245,2008
827713,2008
488604,2008
800241,2008
906734,2008
893509,2008
479937,2008
862846,2008
869994,2008
768218,2008
799934,2008
923600,2008
880578,2008
915458,2008
924134,2008
770810,2008
855852,2008
824747,2008
899095,2008
912597,2008
929412,2008
489282,2008
785007,2008
924510,2008
852992,2008
787485,2008
870204,2008
893382,2008
770752,2008
915457,2008
848538,2008
804492,2008
832266,2008
896927,2008
806165,2008
824330,2008
494652,2008
780536,2008
903627,2008
489099,2008
783532,2008
896866,2008
490076,2008
808435,2008
902272,2008
839980,2008
834541,2008
884038,2008
809504,2008
903831,2008
827521,2008
910559,2008
836700,2008
814005,2008
865297,2008
932669,2008
923824,2008
880648,2008
929235,2008
483607,2008
790723,2008
926763,2008
817538,2008
804443,2008
796307,2008
770796,2008
482599,2008
867295,2008
920458,2008
893406,2008
478087,2008
489281,2008
918627,2008
882978,2008
489018,2008
926129,2008
882755,2008
858479,2008
800039,2008
865556,2008
902270,2008
876233,2008
871426,2008
800240,2008
481536,2008
920460,2008
770814,2008
884224,2008
498719,2008
860870,2008
780534,2008
866439,2008
496253,2008
849470,2008
914798,2008
811128,2008
811080,2008
861689,2008
893532,2008
819714,2008
499448,2008
929425,2008
872245,2008
903943,2008
841922,2008
897347,2008
800203,2008
482606,2008
929860,2008
830570,2008
871425,2008
800268,2008
491044,2008
803057,2008
490210,2008
826756,2008
486665,2008
833557,2008
896815,2008
800080,2008
867334,2008
816556,2008
493464,2008
811138,2008
910970,2008
476991,2008
859163,2008
846308,2008
795421,2008
889588,2008
490170,2008
479468,2008
765476,2008
828393,2008
490377,2008
901487,2008
482603,2008
874317,2008
882820,2008
844760,2008
876563,2008
899128,2008
834899,2008
926759,2008
838283,2008
866435,2008
486259,2008
830535,2008
929629,2008
865957,2008
910936,2008
914797,2008
902290,2008
805570,2008
490181,2008
822868,2008
479341,2008
923683,2008
827990,2008
790686,2008
497465,2008
486321,2008
814022,2008
492881,2008
852713,2008
844671,2008
920461,2008
893401,2008
913951,2008
911024,2008
790799,2008
892255,2008
803029,2008
499238,2008
887883,2008
864761,2008
896534,2008
808399,2008
792978,2008
491046,2008
772181,2008
482572,2008
844286,2008
906788,2008
910860,2008
800308,2008
787523,2008
910915,2008
889134,2008
902952,2008
885415,2008
910855,2008
765432,2008
840322,2008
815241,2008
856778,2008
926764,2008
839976,2008
758774,2008
887912,2008
926063,2008
870111,2008
488612,2008
893402,2008
922547,2008
486674,2008
886531,2008
892109,2008
926762,2008
844457,2008
790786,2008
847770,2008
889595,2008
881310,2008
823671,2008
887971,2008
479952,2008
830515,2008
865554,2008
837796,2008
818165,2008
896585,2008
808148,2008
884177,2008
795441,2008
833960,2008
903660,2008
765442,2008
813980,2008
837800,2008
899138,2008
918927,2008
785035,2008
818226,2008
806147,2008
804529,2008
882969,2008
494238,2008
836683,2008
772165,2008
871438,2008
902967,2008
808339,2008
814314,2008
831887,2008
822832,2008
1161064,2009
1136684,2009
1180311,2009
1176244,2009
1134674,2009
1049400,2009
1123894,2009
1016075,2009
1131747,2009
1090750,2009
1082007,2009
1074214,2009
1031241,2009
1031276,2009
1135525,2009
1072437,2009
1022885,2009
1144539,2009
1144551,2009
1137999,2009
1028581,2009
1015971,2009
1131743,2009
1012729,2009
1127205,2009
1112782,2009
1139668,2009
1045642,2009
1156470,2009
1090903,2009
1153106,2009
1054112,2009
1114740,2009
1091229,2009
1105512,2009
1119191,2009
1179891,2009
1129410,2009
1131727,2009
1045772,2009
1038043,2009
1122775,2009
1034419,2009
1103982,2009
1157631,2009
1071804,2009
1081964,2009
1149592,2009
1035729,2009
1132593,2009
1181920,2009
1095174,2009
1099227,2009
1164647,2009
1029123,2009
1145157,2009
1183251,2009
1093908,2009
1072754,2009
1020543,2009
1097013,2009
1138489,2009
1160424,2009
1143110,2009
1034302,2009
1091666,2009
1082853,2009
1181927,2009
1179258,2009
1043694,2009
1013856,2009
1158936,2009
1020876,2009
1142800,2009
1079444,2009
1116186,2009
1104836,2009
1100048,2009
1083456,2009
1133995,2009
1043451,2009
1104006,2009
1054487,2009
1103256,2009
1135940,2009
1132620,2009
1150934,2009
1073510,2009
1124039,2009
1064884,2009
1130993,2009
1174730,2009
1169809,2009
1075417,2009
1151922,2009
1023346,2009
1127180,2009
1019437,2009
1124058,2009
1020885,2009
1054122,2009
1160368,2009
1135487,2009
1091172,2009
1127715,2009
1155056,2009
1075419,2009
1107948,2009
1063056,2009
1131729,2009
1098327,2009
1170350,2009
1137436,2009
1124377,2009
1013752,2009
1105709,2009
1122836,2009
1091722,2009
1087517,2009
1080926,2009
1114677,2009
1167660,2009
1020055,2009
1182609,2009
1121931,2009
1130088,2009
1032747,2009
1132588,2009
1010278,2009
1035736,2009
1083853,2009
1124052,2009
1119123,2009
1104126,2009
1082601,2009
1172994,2009
1117394,2009
1170391,2009
1015999,2009
1043844,2009
1050002,2009
1123970,2009
1135092,2009
1146320,2009
1032819,2009
1157549,2009
1107860,2009
1053859,2009
1176252,2009
1049413,2009
1179794,2009
1157552,2009
1034090,2009
1075113,2009
1068678,2009
1156173,2009
1156143,2009
1078912,2009
1149362,2009
1153706,2009
1100053,2009
1147687,2009
1131748,2009
1068669,2009
1070887,2009
1052027,2009
1041829,2009
1074194,2009
1014762,2009
1158933,2009
1119646,2009
1176740,2009
1153040,2009
1023500,2009
1111422,2009
1176727,2009
1166113,2009
1182345,2009
1028532,2009
1134664,2009
1043852,2009
1045778,2009
1178663,2009
1055369,2009
1144811,2009
1078588,2009
1080016,2009
1152836,2009
1047490,2009
1161443,2009
1144804,2009
1134629,2009
1032815,2009
1085515,2009
1022603,2009
1135500,2009
1111876,2009
1142988,2009
1148204,2009
1094668,2009
1016321,2009
1153698,2009
1038045,2009
1053918,2009
1046173,2009
1082009,2009
1136608,2009
1135503,2009
1127877,2009
1148165,2009
1037163,2009
1151923,2009
1098356,2009
1092633,2009
1181919,2009
1100119,2009
1142433,2009
1144884,2009
1176724,2009
1143155,2009
1183276,2009
1078885,2009
1124388,2009
1144866,2009
1081935,2009
1127896,2009
1034032,2009
1104814,2009
1075749,2009
1161051,2009
1176416,2009
1159961,2009
1109583,2009
1118045,2009
1085779,2009
1050001,2009
1095217,2009
1166810,2009
1127221,2009
1058017,2009
1151359,2009
1172233,2009
1151410,2009
1077262,2009
1084972,2009
1131734,2009
1130080,2009
1078940,2009
1156479,2009
1130087,2009
1019454,2009
1138478,2009
1054580,2009
1034305,2009
1078933,2009
1084955,2009
1161418,2009
1071812,2009
1054606,2009
1014774,2009
1019452,2009
1017460,2009
1156398,2009
1075110,2009
1161404,2009
1139282,2009
1085382,2009
1153053,2009
1073105,2009
1171701,2009
1149604,2009
1047102,2009
1091207,2009
1034324,2009
1129445,2009
1147684,2009
1182921,2009
1053880,2009
1132193,2009
1149361,2009
1174732,2009
1117636,2009
1067106,2009
1038685,2009
1038011,2009
1079968,2009
1114680,2009
1090674,2009
1121977,2009
1046936,2009
1086216,2009
1129441,2009
1153101,2009
1059925,2009
1175506,2009
1149363,2009
1144797,2009
1172997,2009
1133993,2009
1145479,2009
1057500,2009
1156524,2009
1156132,2009
1156067,2009
1023441,2009
1174693,2010
1276121,2010
1230372,2010
1251735,2010
1331329,2010
1193626,2010
1314190,2010
1303782,2010
1196672,2010
1262958,2010
1129396,2010
1322354,2010
1216492,2010
1196134,2010
1126618,2010
1247657,2010
1314655,2010
1220888,2010
1301990,2010
1273678,2010
1291652,2010
1196165,2010
1334536,2010
1319743,2010
1292644,2010
1329457,2010
1239290,2010
1244659,2010
1232206,2010
1194263,2010
1232775,2010
1268204,2010
1159712,2010
1294136,2010
1312254,2010
1333117,2010
1203517,2010
1226273,2010
1185416,2010
1300159,2010
1328913,2010
1332486,2010
1210039,2010
1335992,2010
1272018,2010
1179034,2010
1323045,2010
1120945,2010
1228915,2010
1278469,2010
1261862,2010
1296898,2010
1259591,2010
1188996,2010
1139328,2010
1288376,2010
1270296,2010
1319718,2010
1339161,2010
1130884,2010
1229236,2010
1265621,2010
1209364,2010
1121786,2010
1307897,2010
1316037,2010
1251368,2010
1318029,2010
1305583,2010
1307861,2010
1325014,2010
1236472,2010
1234546,2010
1272051,2010
1125387,2010
1285245,2010
1196141,2010
1285240,2010
1297925,2010
1250777,2010
1297298,2010
1167638,2010
1135952,2010
1231587,2010
1234654,2010
1330229,2010
1179069,2010
1189374,2010
1227797,2010
1294226,2010
1291125,2010
1234559,2010
1225302,2010
1190072,2010
1279935,2010
1241329,2010
1179025,2010
1179947,2010
1226753,2010
1196204,2010
1132623,2010
1321509,2010
1227378,2010
1127702,2010
1311087,2010
1194236,2010
1323598,2010
1188113,2010
1117386,2010
1212436,2010
1283887,2010
1290140,2010
1296893,2010
1262986,2010
1228705,2010
1282041,2010
1277936,2010
1305897,2010
1179056,2010
1258154,2010
1307858,2010
1134854,2010
1263750,2010
1319716,2010
1315216,2010
1232838,2010
1294688,2010
1282152,2010
1287878,2010
1314652,2010
1185344,2010
1152840,2010
1294212,2010
1320291,2010
1221208,2010
1174042,2010
1321865,2010
1266037,2010
1315419,2010
1198101,2010
1143896,2010
1156466,2010
1182350,2010
1261945,2010
1241330,2010
1292561,2010
1117646,2010
1219817,2010
1258201,2010
1247667,2010
1313092,2010
1291465,2010
1291549,2010
1122614,2010
1259227,2010
1226229,2010
1252380,2010
1181791,2010
1129427,2010
1155076,2010
1247683,2010
1334521,2010
1273235,2010
1268970,2010
1235189,2010
1242432,2010
1334470,2010
1337139,2010
1336617,2010
1325004,2010
1235537,2010
1124394,2010
1274589,2010
1167512,2010
1130969,2010
1125929,2010
1334553,2010
1323594,2010
1219342,2010
1326238,2010
1241017,2010
1331095,2010
1270850,2010
1216520,2010
1303803,2010
1268987,2010
1298831,2010
1319722,2010
1287468,2010
1280015,2010
1322264,2010
1136688,2010
1320253,2010
1230204,2010
1298594,2010
1193631,2010
1328909,2010
1322282,2010
1319704,2010
1216515,2010
1274296,2010
1337155,2010
1199494,2010
1313254,2010
1176931,2010
1230196,2010
1320296,2010
1274273,2010
1193096,2010
1135084,2010
1270835,2010
1196340,2010
1320244,2010
1322312,2010
1135083,2010
1322385,2010
1181795,2010
1186357,2010
1255953,2010
1220634,2010
1282140,2010
1264115,2010
1244754,2010
1233192,2010
1173687,2010
1334260,2010
1138442,2010
1194417,2010
1213012,2010
1123373,2010
1229381,2010
1270120,2010
1278379,2010
1296077,2010
1337103,2010
1336601,2010
1285016,2010
1152822,2010
1228987,2010
1305797,2010
1148200,2010
1337366,2010
1327709,2010
1337686,2010
1320304,2010
1129437,2010
1129404,2010
1212454,2010
1183911,2010
1259570,2010
1261393,2010
1245526,2010
1314170,2010
1212419,2010
1164999,2010
1236371,2010
1172991,2010
1192624,2010
1244093,2010
1320239,2010
1183923,2010
1183489,2010
1167675,2010
1231583,2010
1235853,2010
1274645,2010
1153546,2010
1270761,2010
1213648,2010
1194612,2010
1259520,2010
1222698,2010
1196197,2010
1235830,2010
1126591,2010
1175709,2010
1316622,2010
1243957,2010
1270842,2010
1302067,2010
1332134,2010
1230385,2010
1320261,2010
1278449,2010
1120985,2010
1322306,2010
1282153,2010
1458503,2011
1582271,2011
1470021,2011
1592287,2011
1587427,2011
1535429,2011
1619277,2011
1609145,2011
1519664,2011
1436577,2011
1597089,2011
1604231,2011
1504261,2011
1479293,2011
1578275,2011
1621994,2011
1582383,2011
1617145,2011
1610516,2011
1533749,2011
1630637,2011
1623745,2011
1512240,2011
1572154,2011
1439572,2011
1525835,2011
1538221,2011
1616096,2011
1621446,2011
1601475,2011
1504403,2011
1482393,2011
1541874,2011
1487118,2011
1440161,2011
1623759,2011
1503149,2011
1592521,2011
1629443,2011
1576433,2011
1564367,2011
1482991,2011
1477837,2011
1606595,2011
1450328,2011
1609808,2011
1537314,2011
1510938,2011
1525346,2011
1464174,2011
1629376,2011
1464540,2011
1502404,2011
1440266,2011
1568815,2011
1636539,2011
1614456,2011
1587828,2011
1629439,2011
1566528,2011
1640218,2011
1621429,2011
1563738,2011
1610996,2011
1582207,2011
1618372,2011
1606390,2011
1486185,2011
1612793,2011
1438214,2011
1565435,2011
1554414,2011
1509787,2011
1498878,2011
1621426,2011
1535616,2011
1543566,2011
1528312,2011
1625150,2011
1641624,2011
1609492,2011
1536458,2011
1606392,2011
1440292,2011
1613062,2011
1594917,2011
1520494,2011
1517225,2011
1550524,2011
1492030,2011
1541666,2011
1446147,2011
1606180,2011
1535101,2011
1575694,2011
1567215,2011
1606652,2011
1596346,2011
1613092,2011
1637728,2011
1640570,2011
1629736,2011
1507351,2011
1449283,2011
1628055,2011
1504319,2011
1488602,2011
1568341,2011
1486193,2011
1456472,2011
1561770,2011
1629440,2011
1473063,2011
1596565,2011
1535566,2011
1596343,2011
1573483,2011
1535110,2011
1618430,2011
1623742,2011
1525836,2011
1460739,2011
1477675,2011
1571243,2011
1630564,2011
1592530,2011
1478338,2011
1552214,2011
1604171,2011
1522189,2011
1626135,2011
1599296,2011
1504489,2011
1446695,2011
1570962,2011
1604670,2011
1579235,2011
1567233,2011
1640459,2011
1640484,2011
1535970,2011
1544578,2011
1584921,2011
1605783,2011
1534786,2011
1478964,2011
1538833,2011
1638979,2011
1630027,2011
1450320,2011
1578882,2011
1508675,2011
1590950,2011
1445520,2011
1527186,2011
1502420,2011
1576440,2011
1511476,2011
1630626,2011
1519663,2011
1461677,2011
1547230,2011
1588398,2011
1500512,2011
1554091,2011
1445203,2011
1477173,2011
1547090,2011
1583420,2011
1618447,2011
1540133,2011
1605735,2011
1609113,2011
1613023,2011
1499658,2011
1605769,2011
1568816,2011
1572502,2011
1562872,2011
1541995,2011
1473397,2011
1496798,2011
1632708,2011
1549572,2011
1579223,2011
1565441,2011
1436568,2011
1570728,2011
1462757,2011
1614989,2011
1488555,2011
1525838,2011
1454029,2011
1458915,2011
1622547,2011
1622979,2011
1641831,2011
1583737,2011
1608334,2011
1517489,2011
1438176,2011
1541160,2011
1509803,2011
1450330,2011
1637706,2011
1615075,2011
1470020,2011
1525890,2011
1562563,2011
1562568,2011
1629705,2011
1509767,2011
1536048,2011
1612246,2011
1633356,2011
1641410,2011
1600207,2011
1582244,2011
1437357,2011
1598778,2011
1592527,2011
1549589,2011
1582621,2011
1570559,2011
1441952,2011
1605782,2011
1555110,2011
1634121,2011
1588334,2011
1579232,2011
1560671,2011
1634136,2011
1634122,2011
1498569,2011
1551641,2011
1638350,2011
1600195,2011
1586752,2011
1564349,2011
1448755,2011
1582248,2011
1466054,2011
1533058,2011
1629374,2011
1625155,2011
1640486,2011
1615147,2011
1571222,2011
1462041,2011
1630036,2011
1440345,2011
1483756,2011
1510926,2011
1623765,2011
1530509,2011
1630061,2011
1595833,2011
1555058,2011
1624996,2011
1542488,2011
1436572,2011
1488164,2011
1504019,2011
1541149,2011
1640711,2011
1437358,2011
1479320,2011
1444284,2011
1562849,2011
1641385,2011
1572501,2011
1623660,2011
1507261,2011
1554092,2011
1441326,2011
1521197,2011
1631707,2011
1641388,2011
1566637,2011
1562871,2011
1536410,2011
1534075,2011
1637688,2011
1550902,2011
1452599,2011
1534564,2011
1636844,2011
1536440,2011
1535612,2011
1633989,2011
1451632,2011
1462014,2011
1623772,2011
1506999,2011
1616195,2011
1507564,2011
1630562,2011
1605777,2011
1550312,2011
1531930,2011
1580021,2011
1577038,2011
1515091,2011
1640548,2011
1592281,2011
1529666,2011
1594562,2011
1523939,2011
1598822,2011
1606259,2011
1638328,2011
1615918,2011
1568346,2011
1625346,2011
1606384,2011
1602098,2011
1568911,2011
1591504,2011
1559040,2011
1865403,2012
1737586,2012
1702004,2012
1710396,2012
1865368,2012
1663673,2012
1863406,2012
1737122,2012
1729226,2012
1874789,2012
1726749,2012
1706593,2012
1725073,2012
1699758,2012
1735839,2012
1709652,2012
1691343,2012
1655460,2012
1734589,2012
1867093,2012
1856014,2012
1692084,2012
1876277,2012
1861439,2012
1709122,2012
1715320,2012
1712502,2012
1734428,2012
1682940,2012
1734433,2012
1860181,2012
1671513,2012
1667353,2012
1702425,2012
1658837,2012
1736049,2012
1736049,2012
1667190,2012
1874633,2012
1720114,2012
1718903,2012
1695765,2012
1723642,2012
1699767,2012
1667307,2012
1702016,2012
1691452,2012
1656190,2012
1730687,2012
1859650,2012
1710417,2012
1684925,2012
1704573,2012
1865346,2012
1867101,2012
1701215,2012
1866249,2012
1671570,2012
1687889,2012
1735862,2012
1705126,2012
1714203,2012
1656186,2012
1670932,2012
1707392,2012
1705113,2012
1663625,2012
1735898,2012
1666318,2012
1876330,2012
1859558,2012
1678051,2012
1862079,2012
1730294,2012
1876349,2012
1700808,2012
1859603,2012
1865425,2012
1740002,2012
1667889,2012
1872880,2012
1716777,2012
1876261,2012
1870425,2012
1663631,2012
1718158,2012
1680045,2012
1679290,2012
1666305,2012
1733125,2012
1673697,2012
1857797,2012
1858538,2012
1876451,2012
1660302,2012
1725803,2012
1864557,2012
1695409,2012
1727373,2012
1865335,2012
1674772,2012
1724982,2012
1690389,2012
1724962,2012
1699745,2012
1698648,2012
1714205,2012
1663661,2012
1731697,2012
1674773,2012
1713476,2012
1860359,2012
1872818,2012
1659337,2012
1859621,2012
1663675,2012
1861279,2012
1655413,2012
1870529,2012
1655416,2012
1659343,2012
1693039,2012
1670715,2012
1856053,2012
1861343,2012
1697996,2012
1712170,2012
1663143,2012
1714866,2012
1674778,2012
1857842,2012
1667310,2012
1733105,2012
1673434,2012
1670995,2012
1864253,2012
1866570,2012
1865573,2012
1707386,2012
1694020,2012
2261629,2013
2298304,2013
2190252,2013
2141777,2013
2229842,2013
2234451,2013
2256741,2013
2311182,2013
2091318,2013
2178935,2013
2106537,2013
2243537,2013
2258233,2013
2295750,2013
2207050,2013
2215395,2013
2241605,2013
2180549,2013
2088871,2013
2196564,2013
2166834,2013
2094890,2013
2306745,2013
2113809,2013
2194326,2013
2215151,2013
2216088,2013
2179116,2013
2265179,2013
2272336,2013
2179053,2013
2181961,2013
2282662,2013
2287715,2013
2088974,2013
2224004,2013
2101441,2013
2167970,2013
2199711,2013
2299471,2013
2194599,2013
2195552,2013
2162565,2013
2237822,2013
2248805,2013
2163315,2013
2040537,2013
2053463,2013
2281065,2013
2288568,2013
2244901,2013
2208020,2013
2217458,2013
2178256,2013
2215221,2013
2085957,2013
2055790,2013
2195548,2013
2213054,2013
2034098,2013
2224119,2013
2299248,2013
2081194,2013
2293138,2013
2172061,2013
2139851,2013
2296935,2013
2292903,2013
2151915,2013
2106550,2013
2034139,2013
2290113,2013
2181941,2013
2226050,2013
2234429,2013
2284766,2013
2155391,2013
2245988,2013
2241691,2013
2186812,2013
2137359,2013
2083231,2013
2231208,2013
2101341,2013
2187115,2013
2243389,2013
2198956,2013
2229377,2013
2072933,2013
2093977,2013
2279786,2013
2114398,2013
2221648,2013
2125425,2013
2188741,2013
2271771,2013
2282917,2013
2183152,2013
2032557,2013
2239034,2013
2169322,2013
2302755,2013
2292196,2013
2220408,2013
2222394,2013
2070862,2013
2206354,2013
2263944,2013
2261389,2013
2298384,2013
2082152,2013
2103267,2013
2165859,2013
2207870,2013
2224317,2013
2072220,2013
2296697,2013
2250426,2013
2084989,2013
2209418,2013
2095568,2013
2180503,2013
2131674,2013
2249278,2013
2182001,2013
2276778,2013
2055709,2013
2051894,2013
2261749,2013
2088903,2013
2243246,2013
2217777,2013
2297063,2013
2196055,2013
2246673,2013
2309224,2013
2111392,2013
2219516,2013
2277946,2013
2088869,2013
2027140,2013
2261434,2013
2203308,2013
2193265,2013
2228000,2013
2070897,2013
2180571,2013
2193456,2013
2247646,2013
2140671,2013
2094762,2013
2133239,2013
2279922,2013
2106383,2013
2235515,2013
2289538,2013
2055765,2013
2304426,2013
2301592,2013
2278392,2013
2235902,2013
2268573,2013
2098791,2013
2122424,2013
2126403,2013
2184339,2013
2102499,2013
2178470,2013
2233406,2013
2280964,2013
2070874,2013
2216212,2013
2236054,2013
2262270,2013
2167056,2013
2234155,2013
2179226,2013
2132285,2013
2254010,2013
2184287,2013
2306687,2013
2082155,2013
2260052,2013
2250234,2013
2186781,2013
2033981,2013
2204371,2013
2276000,2013
2241403,2013
2197088,2013
2064713,2013
2051879,2013
2246724,2013
2201221,2013
2216856,2013
2104837,2013
2176786,2013
2290151,2013
2295196,2013
2193418,2013
2150511,2013
2281159,2013
2234025,2013
2191701,2013
2201251,2013
2084953,2013
2077703,2013
2308971,2013
2132374,2013
2210463,2013
2095713,2013
2229499,2013
2235348,2013
2048770,2013
2292959,2013
2113792,2013
2082156,2013
2303112,2013
2175669,2013
2112124,2013
2294677,2013
2084093,2013
2286988,2013
2279864,2013
2071550,2013
2054790,2013
2312390,2013
2213938,2013
2194499,2013
2186783,2013
2231251,2013
2265398,2013
2140429,2013
2193185,2013
2218003,2013
2274570,2013
2043971,2013
2191400,2013
2167202,2013
2265534,2013
2171867,2013
2191082,2013
2113820,2013
2201548,2013
2170299,2013
2192580,2013
2258345,2013
2232578,2013
2234032,2013
2172985,2013
2210834,2013
2027064,2013
2226417,2013
2234261,2013
2091427,2013
2144007,2013
2226519,2013
2294679,2013
2252680,2013
2112206,2013
2312262,2013
2102502,2013
2207090,2013
2191888,2013
2205904,2013
2241116,2013
2188743,2013
2215515,2013
2172935,2013
2194988,2013
2299206,2013
2309021,2013
2183070,2013
2268419,2013
2207072,2013
2206082,2013
2119463,2013
2101507,2013
2230358,2013
2061756,2013
2063618,2013
2265080,2013
2039369,2013
2071571,2013
2042568,2013
2278871,2013
2230342,2013
2215457,2013
2286990,2013
2229399,2013
2187884,2013
2294965,2013
2039345,2013
2113075,2013
2175828,2013
2250194,2013
2147459,2013
2073121,2013
2129887,2013
2118775,2013
2181831,2013
2195566,2013
2091327,2013
2302601,2013
2270802,2013
2193215,2013
2076372,2013
2112331,2013
2234543,2013
2275471,2013
2130282,2013
2165236,2013
2204315,2013
2281365,2013
2113683,2013
2186566,2013
2196017,2013
2308260,2013
2247432,2013
2245884,2013
2276069,2013
2192882,2013
2245906,2013
2293750,2013
2215477,2013
2255787,2013
2083355,2013
2222206,2013
2093270,2013
2210842,2013
2140373,2013
2229511,2013
2310800,2013
2294916,2013
2179035,2013
2231630,2013
2294629,2013
2312718,2013
2071465,2013
2094018,2013
2177180,2013
2042583,2013
2249221,2013
2166880,2013
2304771,2013
2040367,2013
2231138,2013
2302739,2013
2246924,2013
2298416,2013
2166616,2013
2207778,2013
2101473,2013
2113681,2013
2058107,2013
2192900,2013
2245188,2013
2218416,2013
2634200,2014
2848252,2014
2797190,2014
2979366,2014
2974454,2014
2872570,2014
2473682,2014
2914762,2014
2752758,2014
2707858,2014
2465578,2014
2884286,2014
2636456,2014
2675978,2014
2808680,2014
2545186,2014
2704816,2014
2555268,2014
2762970,2014
2571776,2014
2521188,2014
2630336,2014
2870708,2014
2593392,2014
2548738,2014
2621742,2014
2611390,2014
2845578,2014
2723576,2014
2577876,2014
2893780,2014
2530392,2014
2941330,2014
2571782,2014
2499414,2014
2740538,2014
2554714,2014
2714934,2014
2486278,2014
2925642,2014
2639344,2014
2956666,2014
2785288,2014
2474310,2014
2690718,2014
2723240,2014
2832470,2014
2494384,2014
2483260,2014
2979638,2014
2574698,2014
2650978,2014
2966760,2014
2969776,2014
2901962,2014
2626102,2014
2675914,2014
2825230,2014
2544734,2014
2976864,2014
2717528,2014
2724304,2014
2616810,2014
2798456,2014
2889050,2014
2865558,2014
2761578,2014
2512170,2014
2631072,2014
2573750,2014
2525342,2014
2567000,2014
2608030,2014
2597242,2014
2516304,2014
2836252,2014
2771372,2014
2465140,2014
2955316,2014
2910814,2014
2516274,2014
2809082,2014
2717318,2014
2516610,2014
2852470,2014
2547210,2014
2904608,2014
2524822,2014
2528814,2014
2600730,2014
2481480,2014
2495104,2014
2490004,2014
2792346,2014
2515214,2014
2904626,2014
2714900,2014
2534660,2014
2488366,2014
2536428,2014
2960450,2014
2510434,2014
2609998,2014
2875926,2014
2571502,2014
2692904,2014
2890140,2014
2618936,2014
2825120,2014
2907640,2014
2924478,2014
2836328,2014
2800240,2014
2557256,2014
2910342,2014
2828996,2014
2458776,2014
2637378,2014
2963344,2014
2690160,2014
2486678,2014
2790182,2014
2505294,2014
2937254,2014
2815072,2014
2624412,2014
2760634,2014
2967006,2014
2980472,2014
2481554,2014
2854894,2014
2836260,2014
2446600,2014
2452352,2014
2521700,2014
2560840,2014
2556874,2014
2766004,2014
2823088,2014
2950330,2014
2512236,2014
2593224,2014
2463288,2014
2871256,2014
2609778,2014
2922440,2014
2883512,2014
2856896,2014
2689354,2014
2920808,2014
2486880,2014
2611026,2014
2479800,2014
2964120,2014
2789926,2014
2829108,2014
2582846,2014
2758890,2014
2911342,2014
2483208,2014
2929890,2014
2737050,2014
2720680,2014
2557490,2014
2926068,2014
2669336,2014
2968804,2014
2966934,2014
2701390,2014
2909124,2014
2676350,2014
2938416,2014
2556308,2014
2781516,2014
2910274,2014
2614700,2014
2844798,2014
2558318,2014
2818178,2014
2758880,2014
2785032,2014
2481248,2014
2763746,2014
2977110,2014
2509850,2014
2721152,2014
2814362,2014
2962726,2014
2492002,2014
2759372,2014
2723176,2014
2649194,2014
2955096,2014
2950236,2014
2693664,2014
2559214,2014
2544472,2014
2785390,2014
2766268,2014
2920540,2014
2937752,2014
2841572,2014
2497980,2014
2872732,2014
2626350,2014
2975578,2014
2884206,2014
2465146,2014
2972482,2014
2956808,2014
2870756,2014
2551396,2014
2866824,2014
2793490,2014
2790236,2014
2510028,2014
2559036,2014
2570414,2014
2967988,2014
2473602,2014
2833074,2014
2452470,2014
2560102,2014
2756032,2014
2547942,2014
2667918,2014
2674040,2014
2870612,2014
2888340,2014
2622874,2014
2581244,2014
2873214,2014
2965842,2014
2452254,2014
2701772,2014
2573806,2014
2584018,2014
2961890,2014
2640460,2014
2469760,2014
2713642,2014
2916416,2014
2536124,2014
2714380,2014
2872724,2014
2562232,2014
2473624,2014
2936180,2014
2808986,2014
2837296,2014
2891070,2014
2559458,2014
2531282,2014
2940280,2014
2788716,2014
2480454,2014
2924442,2014
2933544,2014
2706570,2014
2883352,2014
2883434,2014
2967008,2014
2911668,2014
2645188,2014
2925768,2014
2667960,2014
2655734,2014
2822742,2014
2908856,2014
2652092,2014
2718314,2014
2788556,2014
2923316,2014
2691734,2014
2978462,2014
2800038,2014
2909748,2014
2639254,2014
2622620,2014
2553424,2014
2831404,2014
2474972,2014
2923652,2014
2822584,2014
2630916,2014
2626090,2014
2717860,2014
2535470,2014
2707848,2014
2802154,2014
2764784,2014
2488778,2014
2512962,2014
2517044,2014
2712878,2014
2725962,2014
2543702,2014
2679480,2014
2978426,2014
2926810,2014
2905838,2014
2821314,2014
2467046,2014
2459156,2014
2929690,2014
2463154,2014
2726270,2014
2555302,2014
2481496,2014
2891174,2014
2517658,2014
2490326,2014
2614684,2014
2451550,2014
2582802,2014
2515030,2014
2494280,2014
2582426,2014
2713180,2014
2577172,2014
2561546,2014
2452200,2014
2543508,2014
2587914,2014
2633076,2014
2960930,2014
2570858,2014
2618368,2014
2784512,2014
2911666,2014
2461132,2014
2872718,2014
2668150,2014
2962876,2014
2504640,2014
2965466,2014
2828954,2014
2771506,2014
2758904,2014
2624866,2014
2952602,2014
2473794,2014
2673388,2014
2769184,2014
2474024,2014
2526846,2014
2827708,2014
2752688,2014
2751310,2014
2796678,2014
2718442,2014
2791026,2014
2859246,2014
2827908,2014
2570224,2014
2838678,2014
2567038,2014
2934696,2014
2642524,2014
2557276,2014
2980516,2014
2514338,2014
2935564,2014
2799166,2014
2724236,2014
2870808,2014
2712990,2014
2965412,2014
2601260,2014
2784678,2014
2936470,2014
2692250,2014
2548208,2014
2605528,2014
2788710,2014
2937898,2014
2905674,2014
3393198,2015
3505682,2015
3593666,2015
3355014,2015
3257610,2015
3480446,2015
3380104,2015
3475596,2015
3683072,2015
3205394,2015
3387444,2015
3465074,2015
3433632,2015
3205630,2015
3662686,2015
3667610,2015
3685218,2015
3399042,2015
3464018,2015
3344922,2015
3449658,2015
3220192,2015
3233418,2015
3480796,2015
3430042,2015
3280916,2015
3249414,2015
3705388,2015
3598648,2015
3181822,2015
3685818,2015
3588544,2015
3398436,2015
3566788,2015
3474602,2015
3713030,2015
3495184,2015
3399896,2015
3698118,2015
3446906,2015
3235888,2015
3674410,2015
3678656,2015
3570168,2015
3203954,2015
3306858,2015
3295482,2015
3560464,2015
3644202,2015
3273434,2015
3659786,2015
3257638,2015
3585004,2015
3620418,2015
3672840,2015
3213684,2015
3650290,2015
3678782,2015
3263614,2015
3532686,2015
3597448,2015
3496372,2015
3717324,2015
3672640,2015
3596952,2015
3653518,2015
3470838,2015
3717016,2015
3442634,2015
3495030,2015
3612984,2015
3176980,2015
3479316,2015
3621952,2015
3500544,2015
3642618,2015
3525346,2015
3422094,2015
3542188,2015
3625152,2015
3518096,2015
3557406,2015
3551954,2015
3591436,2015
3312868,2015
3621360,2015
3219194,2015
3275216,2015
3240784,2015
3541080,2015
3603808,2015
3646344,2015
3499458,2015
3499048,2015
3665860,2015
3328442,2015
3575862,2015
3717068,2015
3233704,2015
3539664,2015
3266948,2015
3215846,2015
3656138,2015
3625354,2015
3540136,2015
3447364,2015
3685554,2015
3458236,2015
3609402,2015
3297330,2015
3411432,2015
3170900,2015
3528666,2015
3321300,2015
3651804,2015
3244446,2015
3592340,2015
3450650,2015
3205376,2015
3248600,2015
3407428,2015
3713166,2015
3340908,2015
3175480,2015
3165630,2015
3660770,2015
3687304,2015
3669520,2015
3270538,2015
3696804,2015
3476464,2015
3262990,2015
3345474,2015
3252998,2015
3288930,2015
3564794,2015
3693878,2015
3593124,2015
3459906,2015
3614922,2015
3541998,2015
3404246,2015
3698558,2015
3568218,2015
3503840,2015
3488328,2015
3327624,2015
3377996,2015
3534602,2015
3606298,2015
3265462,2015
3477752,2015
3211400,2015
3689910,2015
3278330,2015
3651326,2015
3236120,2015
3664008,2015
3600960,2015
3504604,2015
3661196,2015
3704352,2015
3252786,2015
3312830,2015
3675748,2015
3409440,2015
3247714,2015
3472226,2015
3481000,2015
3598496,2015
3564200,2015
3430416,2015
3296658,2015
3687186,2015
3584354,2015
3602144,2015
3195644,2015
3317522,2015
3520418,2015
3677412,2015
3253624,2015
3579808,2015
3384870,2015
3587396,2015
3573598,2015
3483612,2015
3700804,2015
3699692,2015
3299704,2015
3220528,2015
3525584,2015
3317562,2015
3622592,2015
3197766,2015
3168230,2015
3462002,2015
3630556,2015
3469284,2015
3636010,2015
3284178,2015
3478232,2015
3377548,2015
3369806,2015
3569374,2015
3168808,2015
3605418,2015
3300572,2015
3594826,2015
3457486,2015
3271220,2015
3367686,2015
3561236,2015
3623726,2015
3289728,2015
3715320,2015
3292154,2015
3214310,2015
3688406,2015
3620762,2015
3501416,2015
3267734,2015
3518012,2015
3289712,2015
3416744,2015
3288948,2015
3442990,2015
3214286,2015
3550902,2015
3440298,2015
3181776,2015
3379814,2015
3680410,2015
3400060,2015
3334794,2015
3687398,2015
3172532,2015
3467412,2015
3397918,2015
3343784,2015
3400286,2015
3488184,2015
3672742,2015
3397754,2015
3449664,2015
3583688,2015
3676370,2015
3316948,2015
3700456,2015
3704416,2015
3449292,2015
3358304,2015
3547900,2015
3545324,2015
3508840,2015
3446626,2015
3671542,2015
3346224,2015
3577624,2015
3399484,2015
3616916,2015
3705412,2015
3469244,2015
3544082,2015
3602128,2015
3573412,2015
3212904,2015
3432552,2015
3208802,2015
3486542,2015
3661236,2015
3447830,2015
3510480,2015
3194590,2015
3298600,2015
3487994,2015
3707114,2015
3569230,2015
3567288,2015
3702996,2015
3678192,2015
3675204,2015
3480886,2015
3327994,2015
3661298,2015
3401748,2015
3268668,2015
3715122,2015
3397884,2015
3368222,2015
3503460,2015
3282858,2015
3332064,2015
3530970,2015
3169770,2015
3291148,2015
3305844,2015
3640034,2015
3547682,2015
3515632,2015
3697946,2015
3659388,2015
3488710,2015
3319920,2015
3715854,2015
3395582,2015
3696192,2015
3625516,2015
3520290,2015
3544014,2015
3568002,2015
3456414,2015
3464902,2015
3398252,2015
3397948,2015
3613648,2015
3626076,2015
3367250,2015
3682448,2015
3551400,2015
3529656,2015
3170832,2015
3201722,2015
3272570,2015
3355510,2015
3478962,2015
3614530,2015
3454574,2015
3640682,2015
3704050,2015
3686990,2015
3203606,2015
3501590,2015
3170624,2015
3403194,2015
3422078,2015
3593046,2015
3500068,2015
3569732,2015
3334212,2015
3384180,2015
3595298,2015
3451720,2015
3302654,2015
3322364,2015
3529010,2015
3707106,2015
3276924,2015
3619102,2015
3171176,2015
3687310,2015
3286052,2015
3530002,2015
3626742,2015
3453052,2015
3526286,2015
3300442,2015
3339354,2015
3526706,2015
3236976,2015
3482062,2015
3534282,2015
3703148,2015
3611002,2015
3512072,2015
3511596,2015
3608646,2015
3703836,2015
3202202,2015
3460252,2015
3169832,2015
3922678,2016
3993350,2016
3703908,2016
4044464,2016
4040042,2016
3387542,2016
3352390,2016
3908598,2016
3317208,2016
3138698,2016
3550078,2016
4076760,2016
3311988,2016
3951298,2016
3217994,2016
3563892,2016
3892384,2016
3530978,2016
4119278,2016
4009278,2016
4048668,2016
3425402,2016
3597510,2016
3416386,2016
4019560,2016
3882082,2016
3859304,2016
4086024,2016
3491962,2016
4000936,2016
4075458,2016
4072326,2016
3864024,2016
4073166,2016
3726012,2016
3748440,2016
3797868,2016
3658772,2016
4104054,2016
3978720,2016
3562572,2016
3562786,2016
4060962,2016
4074364,2016
4158624,2016
3832096,2016
3369350,2016
3515524,2016
4083572,2016
3543258,2016
3652526,2016
4005402,2016
3538328,2016
3499096,2016
3231054,2016
3828858,2016
3381008,2016
4084060,2016
3530882,2016
3702652,2016
3219604,2016
3774802,2016
4105970,2016
3733606,2016
3449322,2016
3685586,2016
3586930,2016
3544218,2016
3300542,2016
4088268,2016
3917210,2016
3655414,2016
3553442,2016
3184666,2016
3904278,2016
3410834,2016
3332308,2016
3544112,2016
3531578,2016
3277624,2016
3135556,2016
3477620,2016
4065842,2016
4120176,2016
3181898,2016
3142366,2016
3903322,2016
3815136,2016
3760922,2016
3394972,2016
3503406,2016
3468612,2016
3367294,2016
3954660,2016
3777860,2016
4076934,2016
3591988,2016
3353060,2016
3900796,2016
3174376,2016
3319018,2016
3315380,2016
3451230,2016
3847390,2016
3662066,2016
3485800,2016
3671052,2016
4118932,2016
4071086,2016
3212232,2016
3982118,2016
4062536,2016
3560148,2016
3495026,2016
3611112,2016
3628584,2016
3212910,2016
3519772,2016
3886604,2016
3704298,2016
3823672,2016
3533916,2016
3794392,2016
4139124,2016
3923662,2016
3703750,2016
4154004,2016
3471098,2016
3450900,2016
3498820,2016
3746824,2016
3733774,2016
3433160,2016
3407236,2016
4118606,2016
3262022,2016
3894404,2016
4136084,2016
4060866,2016
3655972,2016
3187378,2016
3513054,2016
4042994,2016
3799694,2016
3899262,2016
3385516,2016
3876860,2016
3257550,2016
3349772,2016
3180912,2016
3791216,2016
3868978,2016
3716530,2016
3922062,2016
3458118,2016
3810572,2016
3780208,2016
3315386,2016
3190158,2016
4016934,2016
3691740,2016
3591696,2016
3949660,2016
3397160,2016
4156972,2016
3960412,2016
4007248,2016
3416042,2016
3946960,2016
3953186,2016
3955894,2016
3319212,2016
3917318,2016
3416828,2016
3576044,2016
4034354,2016
4052882,2016
3960584,2016
4144190,2016
3885524,2016
3384350,2016
3666024,2016
4094724,2016
4065212,2016
3562370,2016
3963816,2016
3553976,2016
3907206,2016
3838992,2016
4063178,2016
3699572,2016
4048272,2016
3653650,2016
3685622,2016
3923388,2016
3638396,2016
3172126,2016
4079902,2016
3699372,2016
3189648,2016
3531824,2016
3958780,2016
4110400,2016
3679060,2016
3776826,2016
3344680,2016
3616894,2016
4096750,2016
3955808,2016
3655682,2016
3352034,2016
3894312,2016
4082524,2016
3647498,2016
3859980,2016
3598108,2016
3845670,2016
3652862,2016
3792884,2016
3743042,2016
4035898,2016
3330764,2016
3137630,2016
3424690,2016
4011010,2016
3770426,2016
3522806,2016
3714720,2016
3667792,2016
4146622,2016
3113696,2016
3903852,2016
4102722,2016
3991412,2016
4129870,2016
3333870,2016
3564574,2016
3263904,2016
4000956,2016
3951732,2016
3527166,2016
3173594,2016
3846334,2016
3835080,2016
4083052,2016
4019666,2016
3774114,2016
3230660,2016
3922798,2016
3517044,2016
4065414,2016
3721936,2016
3646592,2016
3750238,2016
3631112,2016
3505754,2016
3707104,2016
3896738,2016
3686998,2016
3627704,2016
3708886,2016
3416532,2016
3827684,2016
3282712,2016
4143270,2016
4054004,2016
4048168,2016
3138344,2016
3697398,2016
3612320,2016
3635788,2016
3794028,2016
3393786,2016
3974320,2016
3608930,2016
3610746,2016
3627488,2016
3882074,2016
3468352,2016
3344694,2016
3319844,2016
4054654,2016
3606888,2016
3456206,2016
3908142,2016
3976144,2016
4027504,2016
4109268,2016
3717316,2016
3183660,2016
3640424,2016
4034228,2016
3470600,2016
3521164,2016
3741834,2016
3387266,2016
4000670,2016
3717252,2016
3783958,2016
3216348,2016
3844876,2016
3569970,2016
3421780,2016
3910814,2016
3553378,2016
4074928,2016
3854372,2016
3748528,2016
3289956,2016
3212812,2016
3567194,2016
6386352,2017
6375308,2017
6438918,2017
6333072,2017
6333096,2017
6333090,2017
6333088,2017
6290202,2017
6399400,2017
6333064,2017
6408738,2017
6461514,2017
6354108,2017
6438096,2017
6491170,2017
6343706,2017
6229252,2017
6399158,2017
6398054,2017
6528206,2017
6328086,2017
6237208,2017
6540084,2017
6340296,2017
6731636,2017
6451304,2017
6562866,2017
6569546,2017
6830780,2017
6571110,2017
6273862,2017
6223974,2017
6608034,2017
6373590,2017
6679360,2017
6616074,2017
6442978,2017
6664120,2017
6333054,2017
6268052,2017
6667360,2017
6648926,2017
6649108,2017
6315800,2017
6282314,2017
6582384,2017
6712026,2017
6690310,2017
6587094,2017
6601954,2017
6536944,2017
6736782,2017
6587078,2017
6357202,2017
6673840,2017
6326286,2017
6721848,2017
6574272,2017
6710658,2017
6714534,2017
6739646,2017
6336270,2017
6822400,2017
6247936,2017
6794424,2017
6772874,2017
6333052,2017
7104950,2017
6710212,2017
6264596,2017
6598626,2017
6794460,2017
6878486,2017
6253522,2017
6263642,2017
6877238,2017
6792200,2017
6574146,2017
6900644,2017
6367558,2017
6948354,2017
6932742,2017
6969946,2017
6304162,2017
6794450,2017
6973942,2017
6794398,2017
6840134,2017
6987652,2017
6990734,2017
6267732,2017
7044010,2017
6612512,2017
6597454,2017
7068896,2017
7078926,2017
6334884,2017
6265828,2017
7078780,2017
6333056,2017
6322922,2017
6794380,2017
6288250,2017
7158814,2017
6333058,2017
5613402,2018
